Species_David,Sub,CA1,CA2,CA3,Hilus,FD,Body_Size,HippocampusTotal,Fibers,retroHP,Medulla,EC,Nocturnality,Species_1981,BrainMass,BrainVol,HPvol,Source,MSW93_Order,MSW93_Family,MSW93_Genus,MSW93_Species,MSW93_Binomial,ActivityCycle,AdultBodyMass_g,AdultForearmLen_mm,AdultHeadBodyLen_mm,AgeatEyeOpening_d,AgeatFirstBirth_d,BasalMetRate_mLO2hr,BasalMetRateMass_g,DietBreadth,DispersalAge_d,GestationLen_d,HabitatBreadth,HomeRange_km2,HomeRange_Indiv_km2,InterBirthInterval_d,LitterSize,LittersPerYear,MaxLongevity_m,NeonateBodyMass_g,NeonateHeadBodyLen_mm,PopulationDensity_n_km2,PopulationGrpSize,SexualMaturityAge_d,SocialGrpSize,TeatNumber,Terrestriality,TrophicLevel,WeaningAge_d,WeaningBodyMass_g,WeaningHeadBodyLen_mm,References,AdultBodyMass_g_EXT,LittersPerYear_EXT,NeonateBodyMass_g_EXT,WeaningBodyMass_g_EXT,GR_Area_km2,GR_MaxLat_dd,GR_MinLat_dd,GR_MRLat_dd,GR_MaxLong_dd,GR_MinLong_dd,GR_MRLong_dd,HuPopDen_Min_n/km2,HuPopDen_Mean_n/km2,HuPopDen_5p_n/km2,HuPopDen_Change,Precip_Mean_mm,Temp_Mean_01degC,AET_Mean_mm,PET_Mean_mm,ATWP_DR,ATWP_perForaging,ATWP_GroupSize,ATWP_HR,ATWP_HR_km2,ATWP_perTravel,GroupSize_filled,Home_Range,Population_Density,Genus,Clade,retroHP.EC,DG,CA2.3,Body__Brain,Brain__HP,Brain__EC,Brain__Fib,retroHP__DG,retroHP__FD,retroHP__Hil,retroHP__CA2.3,retroHP__CA3,retroHP__CA2,retroHP__CA1,retroHP__Sub,Home_Range_res,Residual_HomeRange,retroHP_res,retroHP_res_res,BrainVol_res,EC_res,Fibers_res,DG_res,FD_res,Hilus_res,CA2.3_res,CA3_res,CA2_res,CA1_res,Sub_res,PC1,PC1_res,CA3_res_res,PC2,PC2_res,PC3,PC4
Cercopithecus_ascanius,77.57,362.05,23.02,240.6,85.7,150.46,3400,1189,249.6,939.4,1632,694,diurnal,Cercopithecus ascanius,67,64670,1190,2,Primates,Cercopithecidae,Cercopithecus,ascanius,Cercopithecus ascanius,3,3540,NA,444.99,NA,1825,NA,NA,4,NA,148.5,NA,0.17,0.18,1580.45,1,NA,339.6,371,NA,8.1425547336996,34,1490.41,26.3,NA,NA,2,141.24,NA,NA,208;543;681;730;930;1297;1347;1544;1547;1848;2344;2463;2493;2655;2660;2986,NA,0.52,NA,NA,3012180,6.79,-12.21,-2.71,35.34,12.27,23.8,0,30.04,1,0.15,131.01,236.61,1302.52,1551.84,1668,31.15,31.8333333333333,49.9333333333333,0.499333333333333,18.775,7.901007485975,5.88340628691622,63.7516688918558,Cercopithecus,Old World Monkeys,1633.4,236.16,263.62,3333,63730.6,63976,64420.4,703.24,788.94,853.7,675.78,698.8,916.38,577.35,861.83,1.72923948166052,0.173951724758916,1.49701819393666,1.58039549809625,1.58656223164373,1.71398742320182,1.54873259450312,1.62194646875436,1.3611497608344,1.75005641406109,1.46783404492734,1.51417458028065,1.14717133849736,1.62085968061626,1.49450694671507,1.53739661714201,1.63753733443132,1.53450856168111,1.36477043332297,1.82026877488751,1.47977520407365,1.7353625425778
Cercopithecus_mitis,77.48,378.84,30.44,288.47,86.05,125.58,6300,1366.39,379.53,986.86,1999,617,diurnal,Cercopithecus mitis,75,72390,1370,2,Primates,Cercopithecidae,Cercopithecus,mitis,Cercopithecus mitis,3,5040,NA,574.99,NA,2087.8,3455.75,8650,4,NA,138.48,NA,0.11,0.11,565.75,1,NA,325.2,402,NA,7.64584777038968,NA,1779.37,16,NA,NA,2,683.61,NA,NA,208;543;681;730;1297;1544;1547;1748;1822;1848;2344;2489;2493;2655;2660;2986,NA,0.89,NA,NA,3406986,12,-33,-10.49,46.05,12.99,29.52,0,41.5,3,0.15,95.88,223.51,1034.61,1531.37,525.816666666667,41.545,18.4909090909091,66.15,0.6615,19.5866666666667,6.81768081623177,6.15866244624783,27.9529993815708,Cercopithecus,Old World Monkeys,1603.86,211.63,318.91,6225,71403.14,71773,72010.47,775.23,861.28,900.81,667.95,698.39,956.42,608.02,909.38,1.69432820248843,0.116018641078963,1.36566318658936,1.44120710033428,1.42909857119686,1.53680671020485,1.78698460140959,1.32248437864029,1,1.69817837073774,1.78818759975649,1.82317065466377,1.38102817940502,1.60533555577665,1.42301444372278,1.36886688032125,1.51648797942404,1.75502328842219,1.48210406366039,1.98664677848632,1.39838713701446,1.39844436357487
Erythrocebus_patas,76.65,345.54,39.46,327.74,101.09,195.13,7800,1590.53,504.92,1085.61,2616,693,diurnal,Erythrocebus patas,108,104250,1590,2,Primates,Cercopithecidae,Erythrocebus,patas,Erythrocebus patas,3,8010,NA,664.99,NA,1079.79,NA,NA,4,NA,167.2,NA,28.8,28.5,365,1,NA,286.8,624,NA,1,20.5,1054.36,28,NA,NA,2,210.41,2210,NA,208;543;681;730;1297;1347;1544;1547;1611;1763;1767;1848;2344;2489;2493;2655;2660;2986,NA,1.11,NA,NA,6948334,19.93,-3.98,7.97,37.99,-17.53,10.22,0,32.77,1,0.1,73.39,263.6,760.42,1596.49,3746,36.9,31,3350,33.5,10.1,7.84810744499493,10,0.925373134328358,Erythrocebus,Old World Monkeys,1778.61,296.22,367.2,7692,103164.39,103557,103745.08,789.39,890.48,984.52,718.41,757.87,1046.15,740.07,1008.96,1.9648003515524,0.564850251275258,1.21863684305093,1.28074936881933,1.52959555691319,1.55096849103266,1.87701734699236,1.79443113455127,1.5752581894554,1.75699221546665,1.89761621415269,1.90015165974224,1.55005275159752,1,1.27357531492015,1,1.0793113480748,1.76688392627197,1.21396758793293,1.50596905330093,1.73397976500407,1.50501889131639
Miopithecus_talapoin,41.31,183.4,15.31,134.6,51.91,87.59,1200,704.87,190.75,514.12,1035,259,diurnal,Cercopithecus talapoin,40,38610,710,2,Primates,Cercopithecidae,Miopithecus,talapoin,Miopithecus talapoin,3,1250,NA,355,NA,1598.7,NA,NA,3,NA,164.49,1,0.81,0.83,365,1,NA,370.8,180,NA,7.0358191949953,66.5,1484.15,91.2,NA,2,2,177.81,417,NA,208;543;730;904;1297;1347;1544;1547;1611;1763;1767;1848;2344;2463;2489;2493;2655;2660;2986,NA,1.11,NA,NA,258766,-3,-12.37,-7.68,17.75,12.27,15.01,5,46.31,5,0.21,104.31,231.71,1091.55,1516.99,NA,NA,NA,NA,NA,NA,10,6.35688041860667,112.592592592593,Miopithecus,Old World Monkeys,773.12,139.5,149.91,1160,38095.88,38351,38419.25,374.62,426.53,462.21,364.21,379.52,498.81,330.72,472.81,1.88135822056503,0.426383255176473,1.34630235475742,1.43124815780861,1.69936462746227,1.3633169602681,1.86971065072458,1.72992700391355,1.36386608070595,1.91644951850967,1.54213598334843,1.57133268642629,1.33251243890901,1.39054373138087,1.45555305096447,1.41306236978341,1.58181349166686,1.54351793995123,1.21501090476501,1.68332944429173,1.68793431864484,1.44282243850693
Avahi_laniger,48.13,178.89,15.29,112.49,24.93,78.82,1285,526.25,67.7,458.55,553,241,nocturnal,Avahi laniger,10.49,10130,530,2,Primates,Indridae,Avahi,laniger,Avahi laniger,2,1020,NA,274.99,NA,941.7,NA,NA,3,NA,136.19,2,0.01,0.01,365,1.01,1,NA,NA,90,7.67251159150878,NA,NA,2.25,2,2,1,148.18,NA,NA,208;511;730;1046;1048;1261;1262;1297;1544;1547;1848;2151;2344;2488;2493;2655;2972;2973;2986,NA,NA,33.6,NA,95148,-13.77,-25.17,-19.47,50.45,44.63,47.54,2,34.34,4,0.18,165.9,206.05,1272.88,1597.82,400,NA,3,1.5,0.015,NA,3.19086867399058,2.45271450075629,200,Avahi,Strepsirrhines,699.55,103.75,127.78,1274.51,9671.45,9889,10062.3,354.8,379.73,433.62,330.77,346.06,443.26,279.66,410.42,1.30053239025258,-0.537460872823108,1.78653391885114,1.80975107193547,1.03725238179823,1.41622593263145,1.37130351783881,1.36847285564457,1.35982278429278,1.2953352367866,1.4398362272295,1.4244503039086,1.4451721784712,1.69315517675543,1.83911104794636,1.61365278193167,1.57485118124162,1.52040143404647,1.68755163563248,1.79845042253416,1.64626948797687,1.66640890449711
Avahi_occidentalis,41.61,175.41,9.13,90.39,30.86,72.03,860,475.58,56.15,419.43,508,222,nocturnal,Avahi occidentalis,9.67,9330,480,2,Primates,Indridae,Avahi,NA,NA,NA,800,NA,NA,NA,NA,NA,NA,NA,NA,NA,NA,NA,NA,NA,NA,NA,NA,NA,NA,9.33358313195851,NA,NA,NA,NA,NA,NA,NA,NA,NA,NA,NA,NA,NA,NA,NA,NA,NA,NA,NA,NA,NA,NA,NA,NA,NA,NA,NA,NA,NA,740,NA,2,0.685,0.00685,NA,2.3822842325883,1.68557899518098,291.970802919708,Avahi,Strepsirrhines,641.43,102.89,99.52,850.33,8910.57,9108,9273.85,316.54,347.4,388.57,319.91,329.04,410.3,244.02,377.82,1.11517119096206,-0.845056186549119,1.77942640283482,1.80953742733195,1.13492050289566,1.43050219430305,1.32413894216946,1.5168208289641,1.3437058310433,1.60905147980542,1.09566798700351,1.13935716022128,1.01197914643692,1.94038525513817,1.75722288278228,1.92462879645098,1.8757169062472,1.20961687248754,1.46136209043397,1.83925613268836,1.52438513730684,1.83002279859528
Cheirogaleus_major,18.9,107.42,8.32,92.66,13.22,61.26,450,347.35,45.57,301.78,382,149,nocturnal,Cheirogaleus major,6.8,6560,350,2,Primates,Cheirogaleidae,Cheirogaleus,major,Cheirogaleus major,1,448,NA,224.99,NA,NA,NA,NA,5,NA,69.99,1,0.02,0.02,NA,2.04,NA,180,18.1,76.7,7.60469369902049,1,364.99,1,4,2,2,45.71,NA,NA,208;543;1046;1048;1261;1297;1544;1545;1547;1848;2151;2344;2511;2655;2660;2986,NA,NA,NA,NA,180663,-12.36,-25.16,-18.76,50.45,44.07,47.26,4,34.35,5,0.19,143.99,206.62,1207.33,1567.78,NA,21,NA,4,0.04,25,1,3.4126882926137,25,Cheirogaleus,Strepsirrhines,450.78,74.48,100.98,443.2,6258.22,6411,6514.43,227.3,240.52,288.56,200.8,209.12,293.46,194.36,282.88,1.60584527495836,-0.030813241522037,1.72865408553354,1.77054542825304,1.18863024674499,1.38394180985559,1.43112144052372,1.50512106892366,1.57120473809866,1.12318076901098,1.84948748633927,1.9559162186645,1.24394090883579,1.40647160029172,1.10569019286751,1.12993855157536,1,1.94627200839643,1.40705554885704,1.01087840364731,1.33238256552552,1.9585572337896
Cheirogaleus_medius,9.97,54.4,4.72,44.89,6.19,30.44,177,174.36,23.75,150.61,202,65.3,nocturnal,Cheirogaleus medius,3.14,3030,170,2,Primates,Cheirogaleidae,Cheirogaleus,medius,Cheirogaleus medius,1,197,NA,224.99,NA,472.67,195,300,5,NA,61.79,1,0.02,0.00383,365,2.04,NA,231.6,14.7,NA,9.02443909480008,1,370.21,1,4,2,2,60.26,NA,NA,208;543;730;732;1046;1048;1261;1297;1544;1545;1547;1611;1822;1848;2041;2151;2344;2428;2493;2511;2655;2986,NA,1.11,NA,NA,122849,-12.49,-25.58,-19.03,49.82,43.22,46.52,2,11.99,3,0.19,85.08,240.48,899.72,1625.76,465,NA,3,1.89,0.0189,NA,3.19086867399058,2.67891207228535,158.730158730159,Cheirogaleus,Strepsirrhines,215.91,36.63,49.61,173.86,2879.39,2964.7,3006.25,113.98,120.17,144.42,101,105.72,145.89,96.21,140.64,1.55446007930635,-0.116083758965561,1.65211711366888,1.70252096802801,1.14017497175057,1.30314240342464,1.53748195764328,1.42719858680599,1.44987101254657,1.12982683484007,1.80009466930369,1.89126964648884,1.36022925414764,1.48390170636717,1.18263706129493,1.18798021942277,1.12158637205386,1.88168844982308,1.46575445056213,1.13524998041859,1.35363005503303,1.76872687673106
Daubentonia_madagascariensis,100.01,577.11,35.54,316.55,94.14,324.55,2800,1776.1,328.2,1447.9,1517,1044,nocturnal,Daubentonia madagascarie,45.15,43580,1780,2,Primates,Daubentoniidae,Daubentonia,madagascariensis,Daubentonia madagascariensis,1,2750,NA,400,NA,1277.5,NA,NA,6,NA,166.48,2,0.06,0.07,760.41,1,0.42,291.6,122,NA,6.9691611979616,1,775.73,1,2,2,2,197.7,1540,NA,208;511;543;899;1048;1261;1297;1544;1545;1547;1848;2145;2151;2344;2489;2493;2511;2655;2986,NA,NA,NA,NA,141980,-12.38,-25.2,-18.79,50.48,43.92,47.2,2,25,3,0.18,149.13,217,1216.27,1601.27,1640.75,11.6,NA,102.65,1.0265,55.2,1,6.58871969181644,0.974184120798831,Daubentonia,Strepsirrhines,2491.9,418.69,352.09,2754.85,42132.1,42536,43251.8,1029.21,1123.35,1353.76,1095.81,1131.35,1412.36,870.79,1347.89,1.8171328587619,0.319805285306741,1.95216198599404,1.9591873343317,1.46483073141693,1.65504243264849,1.43348065946679,1.93278249305677,2,1.35999833684177,1.16852193530222,1.15662726227188,1.15735372120123,1.71755652821236,1.24292482432326,1.56802581175433,1.45398303352578,1.26737089504781,1.21837256722902,1,1.42382474381073,1.96446847204197
Eulemur_fulvus_fulvus,62.23,258.65,19.52,171.72,37.46,106.06,1400,752.1,96.46,655.64,909,422,cathemeral,Lemur fulvus,23.3,22490,750,2,Primates,Lemuridae,Eulemur,fulvus,Eulemur fulvus,2,2390,NA,457.86,NA,970.9,746,2374.5,3,NA,120.83,1,0.05,0.0061,547.5,1.01,NA,444,75.1,NA,9.0031561904133,9.25,686.8,9.2,3,2,1,134.2,NA,NA,208;543;730;732;1046;1048;1261;1297;1544;1546;1547;1822;1848;2041;2151;2344;2428;2489;2493;2655;2660;2986;3086,NA,0.9,NA,NA,151793,-12.25,-25.17,-18.71,50.46,43.61,47.04,2,23.18,3,0.19,133.05,220.67,1139.15,1586.18,279.85,16.6525,10.335,8.475,0.08475,5.67,5.65756039258515,4.14754969737404,121.946902654867,Eulemur,Strepsirrhines,1077.64,143.52,191.24,1376.7,21834.36,22068,22393.54,512.12,549.58,618.18,464.4,483.92,636.12,396.99,593.41,1.60841811582131,-0.0265437730710598,1.67910500985448,1.73802517575426,1.38701039103487,1.59885500221924,1.29345464903578,1.33174170649743,1.31848641832959,1.30923080457425,1.54715456741931,1.56952480323675,1.33706487719724,1.71606849834371,1.69356450074051,1.54646988402381,1.55370099884156,1.62996550205645,1.67231782752071,1.79498713657276,1.48577880329846,1.78544381286977
Indri_indri,98.11,477.66,35.77,336.04,57.87,165.35,6250,1529.38,358.58,1170.8,1342,848,diurnal,Indri indri,38.3,36970,1520,2,Primates,Indridae,Indri,indri,Indri indri,3,8650,NA,734.99,NA,NA,NA,NA,4,NA,136.5,1,0.12,0.12,912.5,1,0.42,NA,NA,NA,5.42159749979472,3.5,1559.07,3.1,2,2,1,330.26,NA,NA,208;511;730;899;1046;1048;1167;1261;1297;1544;1547;1848;2151;2344;2428;2493;2655;2660;2973;2986,NA,NA,NA,NA,39656,-14.65,-19.81,-17.23,49.93,47.78,48.86,8,44.05,11,0.18,187.11,199.75,1342.61,1594.77,300,NA,2,18,0.18,NA,2.3822842325883,4.88478435561019,11.1111111111111,Indri,Strepsirrhines,2018.8,223.22,371.81,6211.7,35799.2,36122,36611.42,947.58,1005.45,1112.93,798.99,834.76,1135.03,693.14,1072.69,1.55548878621726,-0.114376684204473,1.86615307594455,1.87713456779001,1.11323872786242,1.67626648391985,1.61272941433579,1.11869652590872,1.19368708604319,1.10713123801972,1.75061637327332,1.77749554172316,1.37467755401429,1.80812715522355,1.51549884934499,1.38768583212544,1.28446452720278,1.84434118462904,1.77090435273336,1.61487954663238,1.26003844072475,1.65157194648339
Lepilemur_ruficaudatus,31.58,128.48,7.28,78.29,12.62,61.3,915,392.28,72.73,319.55,449,194,nocturnal,Lepilemur ruficaudatus,7.6,7340,390,2,Primates,Megaladapidae,Lepilemur,ruficaudatus,Lepilemur ruficaudatus,1,763,NA,NA,NA,594.95,NA,NA,2,NA,136.01,1,NA,NA,NA,1.02,NA,NA,NA,NA,9.19598329227888,NA,NA,1,2,2,1,118.54,NA,NA,511;1048;1261;1544;1547;2151;2344;2655;2986,NA,NA,NA,NA,35030,-19.6,-23.56,-21.58,45.22,43.22,44.22,2,11.4,3,0.21,57.89,238.61,789.13,1602.55,909,27,NA,0.813333333333333,0.00813333333333333,9,1,1.85364984204528,122.950819672131,Lepilemur,Strepsirrhines,513.55,73.92,85.57,907.4,7020.45,7146,7267.27,245.63,258.25,306.93,233.98,241.26,312.27,191.07,287.97,1.16616977852793,-0.760427221037741,1.640257025705,1.68401866769022,1,1.59416612269517,1.6028925016866,1.38475693483296,1.48428901906708,1.01565832008219,1.34684815027935,1.42561032142762,1.05248952025435,1.81285389808112,1.75157414464283,1.60882908271427,1.63958245092743,1.4874817602023,1.74057570736306,1.39362044179801,1.4418003523019,1.95373423031378
Microcebus_murinus,5.99,30.45,2.33,23.82,4.48,20.9,54,100.35,12.38,87.97,99.1,40.1,nocturnal,Microcebus murinus,1.78,1720,100,2,Primates,Cheirogaleidae,Microcebus,murinus,Microcebus murinus,1,66.6,NA,137.5,NA,380.2,125.84,101.05,5,NA,60.34,1,0.01,0.01,365,2,NA,186,4.79,43.08,9.87550564856346,3.5,348.41,1,NA,2,2,39.83,NA,NA,208;511;543;730;1015;1046;1048;1167;1261;1297;1544;1545;1547;1611;1848;2041;2151;2256;2344;2428;2489;2493;2511;2560;2655;2660;2986,NA,1.11,NA,NA,128599,-12.33,-25.58,-18.95,49.6,43.22,46.41,2,12.01,3,0.19,85.12,240.86,897.1,1624.72,NA,NA,6.5,2.5,0.025,NA,4.73277524344163,2.95267839306355,260,Microcebus,Strepsirrhines,128.07,25.38,26.15,52.22,1632.03,1679.9,1707.62,62.59,67.07,83.49,61.82,64.15,85.64,57.52,81.98,1.73332812080584,0.180736565628705,1.7830793635944,1.81986478276896,1.2788750403038,1.39707078126224,1.51055690793715,1.72842502626288,1.64408598391804,1.39507314698835,1.55438972289572,1.66924182430418,1.17916696484162,1.36977463980668,1.22184647939205,1.2872884314798,1.19484332246633,1.73919372679599,1.27211262323674,1.17008990009935,1.49811115255991,1.90566907709258
Propithecus_verreauxi,72.19,361.75,18.7,217.12,70.93,141.39,3480,1042.96,160.88,882.08,1223,443,diurnal,Propithecus verreauxi,26.7,25770,1040,2,Primates,Indridae,Propithecus,verreauxi,Propithecus verreauxi,3,3650,NA,472.49,NA,1600.52,670,3350,3,NA,147.49,1,0.03,0.03,365,1,1,247.2,103,NA,8.5433587557545,7.5,912.49,6.15,2,2,1,178.8,NA,NA,208;511;543;730;899;1046;1048;1167;1261;1297;1544;1545;1546;1547;1848;2151;2344;2428;2429;2489;2493;2655;2986;3086,NA,NA,NA,NA,102413,-14.57,-25.58,-20.07,48.63,43.22,45.93,2,12.72,3,0.18,85.4,239.98,881.86,1632.22,751.666666666667,37.4,5.23833333333333,4.922,0.04922,24.3,4.30242613354314,3.6156984806716,106.426926723554,Propithecus,Strepsirrhines,1325.08,212.32,235.82,3453.3,24887.92,25327,25609.12,669.76,740.69,811.15,646.26,664.96,863.38,520.33,809.89,1.43350103275593,-0.316807729322271,1.69031062366216,1.73560808501496,1.14112924620918,1.3180367099235,1.44144866074906,1.53320842409238,1.35211581074641,1.62580534024613,1.36111444932126,1.42469205698564,1,1.83872424073091,1.48181475237032,1.71632229081293,1.72424779293411,1.49857011408403,1.3395135355276,1.6205046687225,1.42325857121568,1.81742748173474
Varecia_variegata_variegata,80.15,410.99,26.84,304.87,118.25,235.85,3000,1403.65,226.7,1176.95,1420,608,diurnal,Lemur variegatus,31.5,30410,1400,2,Primates,Lemuridae,Varecia,variegata,Varecia variegata,2,3870,NA,547.35,NA,700.8,NA,NA,4,NA,102.5,2,1.4,1.37,365,2.04,NA,384,93.7,83.06,6.54341189540528,3.5,608.33,2.8,6,2,1,90.14,NA,NA,208;511;543;899;1046;1048;1261;1297;1544;1545;1546;1547;1848;2151;2344;2428;2489;2493;2655;2660;2986;3089,NA,1.11,NA,NA,66876,-14.88,-23.26,-19.07,50.44,46.68,48.56,5,44.17,8,0.18,187.79,200.84,1361.07,1587.77,1086.716,21.4557142857143,6.02666666666667,84.534,0.84534,9.64285714285714,4.5819964448298,6.3986770510642,7.12928131481613,Varecia,Strepsirrhines,1784.95,354.1,331.71,2968.5,29233.05,29802,30183.3,822.85,941.1,1058.7,845.24,872.08,1150.11,765.96,1096.8,1.79250829256502,0.278942358255738,1.82188135493828,1.85055903332765,1.27012560649,1.32485372167279,1.44129451160031,2,1.77207611453615,1.828598844412,1.48127393174377,1.53753844383139,1.07910717755807,1.28620842907574,1.22300007510494,1.39109476778516,1.30822227779796,1.6339837294276,1.00020344501454,1.05335352179719,1.65814328527448,1.93005511081077
Alouatta_seniculus,117.67,362.93,56.59,236.05,67.88,163.64,6400,1319.79,315.03,1004.76,1593,510,diurnal,Alouatta sp.,52,50190,1320,2,Primates,Cebidae,Alouatta,seniculus,Alouatta seniculus,3,6420,NA,561.25,NA,1671.7,NA,NA,6,NA,189.96,1,0.1,0.11,507.35,1.01,NA,300,294,NA,7.10159992507646,NA,1475.2,7.9,NA,2,2,367.63,NA,NA,208;451;543;702;730;890;905;1201;1297;1544;1547;1848;2128;2151;2308;2344;2431;2489;2493;2655;2660;2986,NA,0.94,NA,NA,4180384,12.2,-10.84,0.68,-49.88,-77.13,-63.5,0,15.42,0,0.11,174.51,250.34,1470.06,1620.88,NA,19.2333333333333,NA,NA,NA,10.7333333333333,5.12176790654401,4.30949585174807,79,Alouatta,New World Monkeys,1514.76,231.52,292.64,6348,49185.24,49680,49874.97,773.24,841.12,936.88,712.12,768.71,948.17,641.83,887.09,1.47757679146369,-0.243666765197544,1.5789096446919,1.64267617548897,1.24995023111611,1.31891673728948,1.72179891535471,1.45898391510162,1.39951403549488,1.43519496550459,1.5513380006945,1.31885477179469,2,1.40231251663106,2,1.47123075619835,1.5197383809937,1.36452263528465,1.68449284857518,2,2,1.14159965830392
Ateles_geoffroyi,72.63,388.3,51.79,263.35,69.29,150.28,8000,1366.01,370.37,995.64,1834,732,diurnal,Ateles geoffroyi,108,104250,1370,2,Primates,Cebidae,Ateles,geoffroyi,Ateles geoffroyi,3,7610,NA,433.73,NA,2080.5,NA,NA,2,NA,226.52,1,0.74,0.75,1048.15,1,NA,327.6,425,NA,6.10426136499476,NA,1824.99,42,NA,2,1,811.04,3490,NA,208;730;1297;1544;1547;1763;1767;1848;2145;2151;2344;2463;2488;2489;2493;2655;2660;2912;2986,NA,0.65,NA,NA,806609,24.09,0.67,12.38,-70.23,-98.85,-84.54,2,55.14,4,0.14,153.93,243.16,1344.08,1624.94,2229.615,26.55,38.5833333333333,328.1,3.281,39.625,8.28450780865812,7.72600541971539,11.7596261302448,Ateles,New World Monkeys,1727.64,219.57,315.14,7892,103254.36,103518,103879.63,776.07,845.36,926.35,680.5,732.29,943.85,607.34,923.01,1.80676600615638,0.302602141974963,1.4484253927121,1.53009362632013,1.52094234217528,1.70443266774398,1.72738801746975,1.37544446831078,1.27418139420278,1.46618174089087,1.74011564232392,1.58754401615293,1.91712471390921,1.65871861471444,1.31937442692934,1.29711820051317,1.37750336808515,1.58686961985234,1.5341896309653,1.78579839536889,1.39490913581514,1.13927564700293
Lagothrix_lagotricha,78.34,400.11,49.57,332.56,73.93,192.28,5200,1585.69,458.9,1126.79,2110,680,diurnal,Lagothrix lagotricha,101,97490,1590,2,Primates,Cebidae,Lagothrix,lagotricha,Lagothrix lagotricha,3,6270,NA,537.21,NA,2766.7,NA,NA,4,NA,223.99,1,2.85,2.79,638.75,1,NA,360,439,NA,5.41056030293998,NA,1607.91,33,NA,2,2,310.63,NA,NA,208;543;730;890;905;1297;1544;1547;1577;1848;2145;2151;2251;2344;2371;2463;2488;2489;2493;2655;2660;2986,NA,0.84,NA,NA,3280591,7.25,-14.39,-3.56,-55.15,-78.72,-66.94,0,5.95,0,0.14,192.15,245.71,1431.46,1539.12,2559.66666666667,25.7,31.9,493,4.93,33.825,7.90517948458335,8.12453802036889,6.47058823529412,Lagothrix,New World Monkeys,1806.79,266.21,382.13,5099,96363.21,96810,97031.1,860.58,934.51,1052.86,744.66,794.23,1077.22,726.68,1048.45,1.88070400940134,0.425297632678831,1.43884731970678,1.52502270283603,1.63660855525225,1.48972792846109,1.8154762222265,1.51484039521488,1.49508289368312,1.39418497115762,1.90453870185347,1.84486532693409,1.74642454943142,1.34187400870351,1.25197400687769,1.0781027531437,1.07060636132471,1.7922068131789,1.42360029136451,1.47846326348779,1.52903074816908,1.37525336771812
Aotus_trivirgatus,27.43,150.16,20.83,97.14,33.52,76.23,830,538.8,133.49,405.31,686,243,nocturnal,Aotus trivirgatus,17.1,16510,540,2,Primates,Cebidae,Aotus,trivirgatus,Aotus trivirgatus,1,912,NA,358,NA,883.3,459.45,972.5,3,NA,133.51,1,0.02,0.03,271,1,NA,303.6,96.5,NA,6.39348356107374,NA,638.74,3.15,NA,2,2,83,256,NA,139;208;543;730;1297;1547;1577;1611;1763;1767;1768;1822;1848;2151;2344;2464;2489;2493;2511;2520;2655;2660;2986;3088,NA,1.3,NA,NA,590942,9.06,-0.76,4.15,-60.35,-70.9,-65.62,0,1.85,0,0.2,178.6,247.71,1488.11,1676.33,NA,NA,NA,NA,NA,NA,3.28816673207735,2.73427956327144,157.5,Aotus,New World Monkeys,648.31,109.75,117.97,812.9,16104.69,16267,16376.51,295.56,329.08,371.79,287.34,308.17,384.48,255.15,377.88,1.41028699823025,-0.355329967310072,1.48779447274359,1.56457919693058,1.41898436850771,1.56261603527802,1.78629905886035,1.70886008362315,1.48987154831801,1.73230785242539,1.53395056429722,1.37356043717663,1.88694662288457,1.52469444808463,1.21388055815841,1.34269937191569,1.41391837848272,1.39710309800423,1.24608327903576,1.54933190026583,1.54677966284909,1.10767757026155
Callimico_goeldii,17.57,83.53,7.84,60.81,12.08,49.73,480,280.9,49.34,231.56,460,138,diurnal,Callimico goeldii,11,10610,280,2,Primates,Callitrichidae,Callimico,goeldii,Callimico goeldii,3,558,NA,280,NA,491.83,NA,NA,2,NA,154,1,0.32,0.31,182.5,1,NA,214.8,50.5,NA,3.47292742587345,NA,350.17,6.85,NA,2,2,66.1,120,NA,543;890;905;1125;1297;1320;1544;1547;1611;1767;1848;2151;2251;2344;2489;2493;2655;2660,NA,1.59,NA,NA,462922,0.97,-11.64,-5.33,-67.04,-77.15,-72.1,0,3,0,0.11,209.19,259.78,1476.2,1518.11,925,24.5,6.31,107.666666666667,1.07666666666667,22.5,4.67361387509467,6.63542001685946,5.86068111455108,Callimico,New World Monkeys,369.56,61.81,68.65,469,10378.44,10472,10560.66,169.75,181.83,219.48,162.91,170.75,223.72,148.03,213.99,2,0.623261865727074,1.32761768766415,1.39892576343078,1.39607804756046,1.60002441877779,1.59806720642264,1.64034510827383,1.6249807878413,1.32241529502511,1.56534656149727,1.5873680801138,1.4472978208359,1.46113141692894,1.37424936008473,1.29599174220909,1.44718455449278,1.55200526128074,1.43917050844142,1.40193842624419,1.51984864091503,1.69579906022099
Callithrix_jacchus,11.48,73.07,7.49,42.82,12.29,33.34,280,221.12,40.63,180.49,318,90,diurnal,Callithrix jacchus,7.6,7340,220,2,Primates,Callitrichidae,Callithrix,jacchus,Callithrix jacchus,3,291,NA,NA,NA,555.1,152,190,5,NA,143.99,1,0.02,NA,159.8,2.14,NA,201.6,27.7,NA,10,NA,408.53,8.55,NA,2,2,60.04,96.8,NA,208;543;579;730;890;905;1297;1299;1544;1547;1577;1594;1611;1822;2151;2344;2489;2493;2511;2520;2552;2655;2660;2725;2986,NA,1.7,NA,NA,604264,-2.78,-10.38,-6.58,-34.79,-45.78,-40.28,1,61.47,2,0.06,99.39,249.92,912.68,1488.61,1206,43,8.55,3.93333333333333,0.0393333333333333,NA,5.27944751104906,3.39623854557483,217.372881355932,Callithrix,New World Monkeys,270.49,45.63,50.31,272.4,7159.51,7250,7299.37,134.86,147.15,168.2,130.18,137.67,173,107.42,169.01,1.65098522055744,0.0440936741715869,1.42229467567232,1.49891787004069,1.40564932490348,1.43427560859792,1.68757534360882,1.51534860565449,1.32703792761183,1.61449746137591,1.42412443268786,1.35995573447752,1.6504530101368,1.86151498800601,1.12701366339617,1.51822115852456,1.65817246605563,1.36537692336523,1.28602838716738,1.49429647776662,1.29322451504815,1.21653438458705
Callithrix_pygmaea,7.45,38.83,4.11,26.95,4.49,17.67,120,122.34,22.84,99.5,201,81.8,diurnal,Cebuella pygmaea,4.5,4340,130,2,Primates,Callitrichidae,Callithrix,pygmaea,Callithrix pygmaea,3,125,NA,155.05,0,840.41,113.99,116.9,3,NA,134.53,1,0.00214,0.00248,182.5,2,NA,181.2,14.5,NA,5.88049980796378,NA,623.54,6,NA,2,2,90.14,70,NA,208;543;730;890;905;1125;1297;1544;1547;1611;1822;1848;2151;2251;2344;2489;2493;2511;2520;2655;2660;2668;2864;2986,NA,1.59,NA,NA,1508926,0.59,-12.52,-5.96,-61.36,-78.52,-69.94,0,2.19,0,0.1,208.53,256.47,1483.18,1526.07,65,36,5.23,0.34,0.0034,18,4.29925113747771,1,1538.23529411765,Callithrix,New World Monkeys,181.3,22.16,31.06,115.5,4240.5,4258.2,4317.16,77.34,81.83,95.01,68.44,72.55,95.39,60.67,92.05,1,-1.03617557265457,1.28105829716235,1.34954649853397,1.44732884070576,2,1.62530400742882,1.229780508908,1.16365392456488,1.26313566440706,1.66776843736241,1.66854638694235,1.63400222250407,1.7600766663168,1.35518497359606,1.32123955331993,1.5089316459436,1.60683095031156,1.70933742231384,1.78304579651176,1.20111046395109,1.42659388396107
Cebus_albifrons,43.85,210.19,30.29,146.01,35.87,110.34,3100,890.4,313.85,576.55,1738,390,diurnal,Cebus sp.,71,68530,890,2,Primates,Cebidae,Cebus,albifrons,Cebus albifrons,3,2520,NA,384.87,NA,1467.3,NA,NA,5,NA,158.49,2,0.54,0.1,547.5,1,NA,528,232,NA,5.94582768882281,NA,1313.76,25,NA,2,2,268.57,920,NA,208;543;730;890;1017;1297;1544;1547;1611;1763;1768;1848;2151;2251;2344;2463;2489;2493;2511;2655;2660;2986,NA,0.9,NA,NA,3105886,11.56,-13.21,-0.82,-55.24,-81,-68.12,0,8.75,0,0.11,192.99,252.69,1466.66,1559.7,1820,61,21.5,135,1.35,21,7.11835597968604,6.85684431091393,15.9259259259259,Cebus,New World Monkeys,966.55,146.21,176.3,3029,67953.45,68140,68216.15,430.34,466.21,540.68,400.25,430.54,546.26,366.36,532.7,1.8308618413868,0.342587673065404,1.00037240333417,1,1.6461169464246,1.66048629873761,2,1.60418304876108,1.57697588582029,1.40748269391529,1.65134331637623,1.49393139868182,1.91671260749249,1.45646517289078,1.37792186540363,1.20945403739724,1.56168765115699,1.35521324407462,1.46546380283503,1.57735365148053,1.59262305268575,1.15765363673274
Saguinus_midas,15.85,78.04,10.95,68.92,13.97,38.98,340,280.26,53.55,226.71,428,120,diurnal,Saguinus tamarin,10.3,9940,280,2,Primates,Callitrichidae,Saguinus,midas,Saguinus midas,3,541,NA,265.72,NA,730,NA,NA,4,NA,138.33,1,0.05,0.05,206.83,2,NA,184.8,39.9,NA,5.45410611157989,NA,730,5.55,NA,2,2,69.15,NA,NA,208;543;730;890;905;1201;1297;1544;1547;2151;2344;2431;2489;2493;2511;2655;2660;2663;2986,NA,1.49,NA,NA,1526765,8.02,-8.37,-0.17,-45.3,-64.84,-55.07,0,5.3,0,0.12,160.68,252.81,1441.49,1666.98,20000,NA,6.07142857142857,29.25,0.2925,NA,4.59675335488984,5.35996877477514,20.7570207570208,Saguinus,New World Monkeys,346.71,52.95,79.87,329.7,9713.29,9820,9886.45,173.76,187.73,212.74,146.84,157.79,215.76,148.67,210.86,1.9062881470451,0.467752908513601,1.37100728590441,1.44918299130673,1.48415073653739,1.47849673299667,1.68220357835175,1.37859777908608,1.24488730945805,1.49097802675468,1.96845210302455,1.93473230105345,1.8112631129562,1.31139031968789,1.25916758010158,1.07611534453639,1.10694604194887,1.8388097265256,1.4623353627278,1.68756302152406,1.50990886220125,1.29912282932975
Saguinus_oedipus,23.45,85.42,9.66,49.77,9.14,31.55,380,262.09,53.1,208.99,413,107,diurnal,Saguinus oedipus,10,9650,260,2,Primates,Callitrichidae,Saguinus,oedipus,Saguinus oedipus,3,464,NA,240,NA,942.91,NA,NA,4,NA,166.49,1,0.07,0.12,233.06,1.93,NA,277.2,41,NA,7.14608216161772,NA,590,7.05,NA,2,2,49.69,105,NA,208;543;730;899;905;1125;1167;1297;1544;1547;1577;1611;1768;2151;2344;2489;2493;2520;2655;2660;2663;2986,NA,1.4,NA,NA,51021,11.02,7.42,9.22,-74.57,-76.93,-75.75,6,168.35,13,0.1,120.29,263.43,1367.13,1586.07,NA,44,2,7.8,0.078,19,2.3822842325883,4.06631754881365,25.6410256410256,Saguinus,New World Monkeys,315.99,40.69,59.43,370,9441.01,9543,9596.9,168.3,177.44,199.85,149.56,159.22,199.33,123.57,185.54,1.72856934603742,0.172839676617156,1.32826463000566,1.4011673263693,1.43132545076374,1.45027667341791,1.73550440425082,1.03395523921714,1.01871319959289,1.15821352680911,1.47068638374576,1.36677207225338,1.76427027767462,1.88879120114317,1.93640378600531,1.63685733353718,1.84110783123481,1.34503833027498,1.92980034740857,1.94223461717962,1.55849849193068,1.18959716662661
Saimiri_sciureus,17.58,79.82,13.7,66.43,21.07,49.78,660,351.44,103.06,248.38,722,168,diurnal,Saimiri sciureus,24,23170,350,2,Primates,Cebidae,Saimiri,sciureus,Saimiri sciureus,3,750,NA,322.49,NA,1073.25,738.81,850,3,NA,164.2,1,0.69,0.45,383.25,1,NA,324,108,NA,6.85339055666394,NA,1204.07,34.85,NA,2,2,172.01,418,NA,169;208;543;730;890;905;1167;1297;1544;1547;1577;1594;1611;1763;1767;1822;1848;2151;2251;2308;2344;2463;2489;2493;2511;2655;2660;2986;3086,NA,1.08,NA,NA,3166418,7.61,-8.91,-0.64,-44.29,-78.36,-61.33,0,4.63,0,0.11,186.86,253.03,1461.05,1606.65,1500,NA,20,147,1.47,NA,6.97413305994321,6.94019140107024,13.6054421768707,Saimiri,New World Monkeys,416.38,70.85,80.13,636,22921.62,23002,23066.94,177.53,198.6,227.31,168.25,181.95,234.68,168.56,230.8,1.99480977994895,0.61464902026092,1,1.00003074718723,1.66137663016637,1.72604027619917,1.92241485489082,1.77917168129457,1.51744698925594,1.80738757469333,1.76006058818462,1.62885475366628,1.95077804394003,1.09289961487781,1.27645277370846,1.05993182582997,1.3391397248269,1.47477963953229,1.2578072785572,1.66057437518105,1.73815720720149,1.13067742414223
Loris_tardigradus,12.96,57.6,4.87,49.81,8,33.34,322,191.14,24.56,166.58,233,99.7,nocturnal,Loris tardigradus,6.6,6370,190,2,Primates,Loridae,Loris,tardigradus,Loris tardigradus,1,249,NA,224.49,NA,547.5,284,128,4,NA,166,1,0.00713,0.00698,182.5,1,NA,196.8,11,NA,7.68562211281564,NA,305.2,1,NA,2,2,166.4,139,NA,208;223;511;543;730;1015;1297;1544;1547;1577;1848;2151;2344;2489;2493;2511;2655;2660;2986,NA,1.59,NA,NA,490103,21.22,5.91,13.57,82.27,72.65,77.46,59,469.09,108,0.07,112.17,263.95,943.85,1626.65,NA,NA,3,3.25,0.0325,NA,3.19086867399058,3.20946398243639,92.3076923076923,Loris,Strepsirrhines,266.28,41.34,54.68,315.4,6203.42,6270.3,6345.44,125.24,133.24,158.58,111.9,116.77,161.71,108.98,153.62,1.60274395942312,-0.0359596806294575,1.61950793302017,1.68129202960122,1.28946136409716,1.63013718043295,1.4248475759982,1.47349111050977,1.44965932341958,1.2732182160777,1.79367375590732,1.89793978004096,1.29167925209945,1.33896324728158,1.40947504307936,1.19020841330763,1.14103675145441,1.87861745674022,1.53726706110646,1.5070484732512,1.48192713787196,1.90702146200445
Nycticebus_coucang,52.63,178.14,17.34,135.76,23.62,91.22,800,565.77,67.06,498.71,528,212,nocturnal,Nycticebus coucang,12.5,12070,570,2,Primates,Loridae,Nycticebus,coucang,Nycticebus coucang,1,971,NA,299.99,NA,932.57,240,960,6,NA,191.15,1,NA,NA,365,1,NA,318,50.7,NA,6.1526962575949,NA,578.9,1,NA,2,2,180.04,520,NA,208;223;511;543;732;1297;1544;1547;1822;1848;2344;2493;2511;2655;2660;2986,NA,1.11,NA,NA,3446181,27.17,-8.78,9.19,120.25,88.33,104.29,1,153.08,5,0.11,195.93,239.67,1328.15,1582.13,NA,20.5,NA,9.1,0.091,70.6,1,4.21719050878786,10.989010989011,Nycticebus,Strepsirrhines,710.71,114.84,153.1,787.5,11571.29,11858,12002.94,383.87,407.49,475.09,345.61,362.95,481.37,320.57,446.08,1.6751286924547,0.0841582553304148,1.90269260542142,1.91387129188759,1.28210772076649,1.18931697431163,1.35628944677443,1.40782304657714,1.47705379758643,1.15004371380296,1.65778599781219,1.66217371489103,1.48946852453918,1.39617107914147,1.84704560635306,1.40184251071686,1.28576376812253,1.75919648279814,1.68933558701528,1.56170147861909,1.80499700347561,1.77159168696729
Perodicticus_potto,48.35,197.36,16.3,139.69,26.62,100,1150,607.01,78.69,528.32,680,328,nocturnal,Perodicticus potto,14,13510,610,2,Primates,Loridae,Perodicticus,potto,Perodicticus potto,1,1080,NA,320,NA,750.07,347.82,964,4,NA,192.99,1,0.11,0.1,354.05,1,NA,312,37.2,NA,5.14163712366042,NA,489.13,1,NA,2,2,148.18,NA,NA,208;223;543;730;732;904;1297;1544;1547;1822;1848;2151;2344;2489;2493;2511;2655;2660;2986,NA,1.13,NA,NA,4965958,14.74,-11.2,1.77,38.63,-17.52,10.55,0,51.09,1,0.12,139,243.76,1255.85,1545.51,2497,NA,2,28,0.28,NA,2.3822842325883,5.31722237809955,7.14285714285714,Perodicticus,Strepsirrhines,856.32,126.62,155.99,1136,12981.68,13182,13431.31,401.7,428.32,501.7,372.33,388.63,512.02,330.96,479.97,1.77804970970052,0.254949244544445,1.73542026832239,1.77737672180676,1.21168823695558,1.57820770632734,1.32661558622773,1.48835116427992,1.54402414049462,1.2055844803586,1.57061425068255,1.59380665208294,1.3689890779531,1.5407629584381,1.64107531030161,1.41989401749417,1.38254619031969,1.66436929048008,1.6223523951279,1.54536054417047,1.57151200827481,1.86889685728531
Gorilla_gorilla_gorilla,191.7,1405.57,130.65,951.51,210.02,415.98,105000,4780.48,1475.05,3305.43,7509,2729,diurnal,Gorilla gorilla,500,482630,4780,2,Primates,Hominidae,Gorilla,gorilla,Gorilla gorilla,3,114000,NA,1596.87,NA,3650,NA,NA,3,5140.2,256.99,1,4.11,NA,1430.8,1,NA,648,2100,NA,1.97225852717624,10,2828.74,6,NA,1,2,929.63,19000,NA,208;543;557;730;899;904;931;1167;1259;1297;1529;1544;1547;1577;1611;1763;1767;1848;2344;2489;2493;2655;2660;2878;2986;3086,NA,0.55,NA,NA,733663,7.82,-6.05,0.88,30.29,8.69,19.49,0,27.92,1,0.08,147.33,235.86,1316.69,1507.45,1547,60.8,11,14.675,0.14675,12.35,5.78191778015977,4.68490044768399,74.9574105621806,Gorilla,Apes,6034.43,626,1082.16,104500,479324.57,479901,481154.95,2679.43,2889.45,3095.41,2223.27,2353.92,3174.78,1899.86,3113.73,1.24457055839856,-0.630326031722087,1.31200362001226,1.38075496961527,1.37205799451462,1.73135932377223,1.69538782169768,1.18057699312674,1.1805206594493,1.25439764914027,1.83985964126076,1.77283792292353,1.6576472990895,1.91157747096967,1,1.27222311092449,1.42559055711643,1.70028653244699,1.5409014424486,1.48354815266956,1,1.32361651501016
Homo_sapiens,821.76,2793.05,229.52,2357.63,397.17,834.47,65000,10287.38,2853.78,7433.6,9622,6142,diurnal,Homo sapiens,1330,1283780,10290,2,Primates,Hominidae,Homo,sapiens,Homo sapiens,3,58700,NA,NA,NA,5292.5,NA,NA,NA,NA,274.78,NA,NA,NA,958.12,1,NA,1470,3190,NA,NA,NA,4842.27,NA,NA,NA,NA,721.15,9000,NA,543;1297;1544;1547;1577;1594;1611;1763;1767;2344;2493,NA,0.68,NA,NA,NA,NA,NA,NA,NA,NA,NA,NA,NA,NA,NA,NA,NA,NA,NA,11.8,NA,26,175,1.75,NA,7.49734370861824,7.11083749636829,14.8571428571429,Homo,Homo sapiens,13575.6,1231.64,2587.15,63670,1276346.4,1277638,1280926.22,6201.96,6599.13,7036.43,4846.45,5075.97,7204.08,4640.55,6611.84,1.54459618848276,-0.132452268686329,1.83074349457617,1.88556757299345,2,1.66899063373338,1.54693510894261,1,1.13439406569249,1,2,2,1.42171196029279,1.44625374625474,1.91589995905364,1.24528596986242,1.11727221768177,2,2,1.74469617549075,1.57489318214507,1.77453303494154
Hylobates_lar,139.39,866.51,76.73,547,226.25,372.03,5700,2672.56,444.65,2227.91,2251,1136,diurnal,Hylobates lar,102,98460,2670,2,Primates,Hylobatidae,Hylobates,lar,Hylobates lar,3,5630,NA,545,NA,3398.15,NA,NA,4,NA,212.91,NA,0.33,0.32,983.67,1,NA,480,399,NA,4.83727902285289,NA,3341.27,3.2,NA,NA,2,721.15,1030,NA,208;526;543;610;730;954;1167;1297;1544;1547;1577;1763;1767;1848;2344;2453;2489;2493;2655;2660;2700;2986,NA,0.67,NA,NA,425652,25.5,1.87,13.68,103.77,95.49,99.63,3,90.44,10,0.08,172.74,229.63,1278.1,1612.26,1550,37.6666666666667,4.38,33.6666666666667,0.336666666666667,39.5,3.94555214209678,5.49760722946551,13.009900990099,Hylobates,Apes,3363.91,598.28,623.73,5598,96232.09,97324,98015.35,1629.63,1855.88,2001.66,1604.18,1680.91,2151.18,1361.4,2088.52,1.63603955576615,0.0192922784754157,2,2,1.60979867752297,1.26156619065674,1.41071335139209,1.81371512298608,1.57101852816424,1.77619200475045,1.47776490304932,1.40854772533063,1.50917525935927,1.61469068189885,1.10504679909578,1.48245945329313,1.33944227815135,1.54984292952998,1.0782209322734,1.20149609227984,1.48007870591645,1.49306635885356
Pan_troglodytes_troglodytes,266.58,1166.33,85.7,622.88,235.43,386.54,46000,3778.69,1015.23,2763.46,5817,2018,diurnal,Pan troglodytes,405,390930,3780,2,Primates,Hominidae,Pan,troglodytes,Pan troglodytes,3,45100,NA,797.56,0,5073.5,9000,34150,6,NA,231.49,2,11,8.72,1825,1.02,NA,720,1750,NA,3.18524175153895,45,3309.15,50,2,2,2,1670.46,8500,NA,208;543;730;899;904;1297;1527;1529;1544;1547;1577;1594;1611;1763;1767;1848;2344;2463;2489;2493;2620;2655;2660;2878;2986,NA,0.49,NA,NA,1898948,13.13,-8.72,2.2,31.18,-15.55,7.81,0,34.36,1,0.11,149.72,241.68,1297.08,1558.05,2225,40.4,52.433,17.3,0.173,14.44,8.89616485718488,4.84596250515342,303.080924855491,Pan,Apes,4781.46,621.97,708.58,45595,388166.54,388912,389914.77,2141.49,2376.92,2528.03,2054.88,2140.58,2677.76,1597.13,2496.88,1.34852545308203,-0.457819387581326,1.37135631806303,1.45232209210728,1.55237666945361,1.61782929384064,1.63831561962729,1.48656257511126,1.31897320581506,1.57138202491032,1.29163171484631,1.2160025388529,1.4067278424711,1.89214012599992,1.71747284085293,1.73554645183684,1.91389050483537,1.19593515498514,1.54955446451823,1.95281333269978,1.51964184783892,1.45939042292988
Callicebus_moloch,42.71,174.88,22.9,129.11,37.33,79.44,900,588.29,101.92,486.37,787,234,diurnal,Callicebus moloch,19,18340,590,2,Primates,Cebidae,Callicebus,moloch,Callicebus moloch,3,965,NA,358.65,NA,1095,NA,NA,3,NA,163.99,1,0.02,0.02,365,1.02,NA,303.6,74.4,125,6.05376480357725,NA,1095,2.95,NA,2,2,58.47,NA,NA,208;543;730;890;1297;1512;1547;1605;1768;1848;2151;2344;2464;2489;2493;2520;2655;2660;2986,NA,1.11,NA,NA,911443,-1.3,-14.1,-7.7,-48.19,-58.29,-53.24,0,2.4,0,0.13,174.03,246.08,1330.45,1530.29,NA,NA,NA,NA,NA,NA,3.15735167313484,2.73427956327144,147.5,Callicebus,New World Monkeys,720.37,116.77,152.01,881,17853.63,18106,18238.08,369.6,406.93,449.04,334.36,357.26,463.47,311.49,443.66,1.40208669604461,-0.36893785576297,1.53371859335037,1.60948757784545,1.44138826375119,1.31984360108345,1.57448077423786,1.48581685232812,1.28535382049326,1.63744171848309,1.69837179904972,1.60392425729263,1.79991631653567,1.41863942005014,1.58191234235005,1.3650911866953,1.4170131224526,1.62388683859819,1.46390820589892,1.87928017963156,1.73047050028496,1.26930934881621
Pithecia_monachus,41.63,259.52,31.78,154.43,56.38,102.44,1500,834.26,188.08,646.18,1009,289,diurnal,Pithecia monachal,35,33780,830,2,Primates,Cebidae,Pithecia,monachus,Pithecia monachus,3,2110,NA,412.43,NA,NA,NA,NA,4,NA,NA,1,NA,NA,NA,1.02,NA,295.2,120,NA,5.06552637012645,NA,NA,2.5,NA,2,2,NA,NA,NA,208;497;543;730;905;1544;1547;1611;1848;2151;2251;2344;2464;2655;2986,NA,NA,NA,NA,2272019,1.47,-14.05,-6.29,-55.26,-77.85,-66.56,0,2.44,0,0.16,193.57,254.89,1427.32,1537.82,NA,NA,3.9,9.7,0.097,NA,3.71407932266562,4.27968430114813,40.2061855670103,Pithecia,New World Monkeys,935.18,158.82,186.21,1465,33133.82,33491,33591.92,487.36,543.74,589.8,459.97,491.75,614.4,386.66,604.55,1.62032961270039,-0.00677738920275628,1.57539338063546,1.65302509702179,1.55770822004874,1.22187477227643,1.74337920293221,1.55136574410557,1.28310567013926,1.74109553428082,1.51990652173465,1.36197008224027,1.85055182824416,1.77868872389293,1.14533752791637,1.49449988494912,1.54805983394328,1.40817227946667,1.22546246625232,1.51359820369353,1.42272505297896,1
Lophocebus_albigena,73.47,395.87,38.15,304.2,69.9,156.25,7900,1464.21,426.37,1037.84,2708,630,diurnal,Cercocebus albigena,104,100390,1490,2,Primates,Cercopithecidae,Lophocebus,albigena,Lophocebus albigena,3,7360,NA,517.94,NA,1474.6,NA,NA,3,NA,182.93,1,0.81,0.4,770.15,1,NA,392.4,499,NA,5.80342790673568,17.2,2190,16,NA,2,2,210.33,2170,NA,208;543;730;904;1297;1347;1544;1547;1611;1763;1767;1848;1979;2151;2344;2463;2489;2493;2655;2660;2878;2986,NA,0.76,NA,NA,2651747,6.46,-6.26,0.09,33.29,7.92,20.61,0,24.54,1,0.11,144.63,240.89,1383.31,1571.17,1095.16666666667,47.06,13.8222222222222,202.428571428571,2.02428571428571,23.72,6.23736115907018,7.2533426833612,6.82819728691288,Lophocebus,Old World Monkeys,1667.84,226.15,342.35,7796,99352.16,99760,99963.63,811.69,881.59,967.94,695.49,733.64,999.69,641.97,964.37,1.76999720944835,0.241586624153418,1.14790111901035,1.19340874052231,1.50729280616581,1.50222210007599,1.82558612135624,1.35593845812391,1.27684978745392,1.42885639588602,1.8373176708731,1.82915749656047,1.56064725230631,1.58156195998837,1.27724410643897,1.23125671017422,1.47947791378723,1.69033050843156,1.479230670319,1.63344903771893,1.37192467926615,1.39157570956151
Papio_anubis,156.72,800.97,66.37,564.35,178.36,312.25,25000,3397.9,1318.88,2079.02,5297,1309,diurnal,Papio anubis,201,194020,3400,2,Primates,Cercopithecidae,Papio,hamadryas,Papio hamadryas,3,16900,NA,675,NA,1642.5,NA,NA,2,NA,178.05,NA,9.3,NA,684.37,1,NA,540,855,NA,4.2130747698052,46.1,1411.75,43.5,NA,NA,1,450.71,3290,NA,208;543;730;850;930;1297;1347;1544;1547;1577;1594;1763;1767;1768;1848;1979;2151;2344;2493;2655;2660;2986;3086,NA,0.81,NA,NA,12748342,21.89,-34.83,-6.47,47.31,-16.79,15.25,0,33.38,1,0.14,82.21,226.44,866.73,1501.01,3384.25,36.5857142857143,39.275,1752.85714285714,17.5285714285714,26.54,8.31994057476396,9.36605914897768,2.24062754686227,Papio,Old World Monkeys,3388.02,490.61,630.72,24799,191940.98,192711,192701.12,1588.41,1766.77,1900.66,1448.3,1514.67,2012.65,1278.05,1922.3,1.80737098762878,0.303606070879794,1.19490691160196,1.24807088628734,1.42761739313125,1.48602561482366,1.99484912264673,1.55628134029411,1.38677377259486,1.60699715984129,1.65582851942165,1.63947868487325,1.43058192675776,1.58540542189402,1.3658517350162,1.34532987454044,1.5963192813001,1.554751499009,1.3684787003128,1.65594415921095,1.48340415095233,1.38676252175281
Nasalis_larvatus,113.27,546.36,69.39,370.1,142.29,205.69,14000,1965.93,518.83,1447.1,2945,855,diurnal,Nasalis larvatus,97,93630,1970,2,Primates,Cercopithecidae,Nasalis,larvatus,Nasalis larvatus,3,12300,NA,647.49,NA,1642.5,NA,NA,4,NA,165.1,2,1.42,NA,547.5,1,NA,252,450,NA,5.205274776572,14.5,1642.5,11.25,NA,2,1,210.37,2000,NA,208;543;730;741;899;1297;1347;1544;1547;1577;1767;1768;1848;2151;2344;2493;2655;2660;2986;3101,NA,0.9,NA,NA,574820,7.03,-4.18,1.42,119.26,108.83,114.05,2,29.73,4,0.18,257.08,250.21,1684.01,1720.98,731,NA,13.6416666666667,391.45,3.9145,NA,6.2111396930972,7.89879100085754,3.48490654404564,Nasalis,Old World Monkeys,2302.1,347.98,439.49,13903,92182.9,92775,93111.17,1099.12,1241.41,1304.81,1007.61,1077,1377.71,900.74,1333.83,1.76341826796864,0.230669282357067,1.37611883778104,1.44541052083807,1.27943304625988,1.44822850256087,1.73081143953294,1.56660101180217,1.23870399320838,1.78529658535002,1.65194768558563,1.50602788125524,1.84019805015633,1.53288506261012,1.41886835153733,1.39464493187927,1.54176304321885,1.49347730900766,1.36747098568657,1.86587035548977,1.60614194958472,1.09670826841516
Piliocolobus_badius,129.2,615.79,38.44,323.72,156.77,185.28,7000,1670.84,221.64,1449.2,2007,814,diurnal,Colobus badius,78,75290,1670,2,Primates,Cercopithecidae,Procolobus,badius,Procolobus badius,2,8430,NA,574.45,NA,1489.2,NA,NA,3,NA,151.46,1,0.43,0.49,660.65,1,0.5,NA,NA,NA,8.39168572525811,33.6,1277.49,34,NA,2,2,778.84,NA,NA,208;730;741;1015;1297;1347;1544;1547;1848;2151;2344;2463;2493;2655;2660,NA,NA,NA,NA,590235,15.04,4.35,9.69,0.68,-16.82,-8.07,3,68.84,7,0.09,161.46,260.82,1122.36,1554.69,919.5,31.9,13.5,60,0.6,12.1333333333333,6.19032178938344,6.06315697725971,22.5,Piliocolobus,Old World Monkeys,2263.2,342.05,362.16,6922,73840.8,74476,75068.36,1107.15,1263.92,1292.43,1087.04,1125.48,1410.76,833.41,1320,1.67423935505026,0.0826824555461285,1.71012815474675,1.76558110395095,1.41182614020008,1.39556919005119,1.28100560970038,1.53092537361501,1.07034889850242,1.88600063767343,1.22586712650613,1.20353222171681,1.23569023001034,1.94440019684488,1.60396176291986,1.90122670843805,1.88750859401675,1.26965246423445,1.37214243251865,1.98579658781183,1.46462280237669,1.53001459439574
Pygathrix_nemaeus,117.14,786.6,44.48,420.73,227.64,253.07,7500,2295.41,445.75,1849.66,2206,723,diurnal,Pygathrix nemaeus,77,74320,2300,2,Primates,Cercopithecidae,Pygathrix,nemaeus,Pygathrix nemaeus,3,9550,NA,610,NA,NA,NA,NA,2,NA,183,NA,2.5,NA,430.7,1,NA,300,192,NA,NA,9.3,NA,9.3,NA,NA,1,NA,NA,NA,208;543;741;899;1297;1347;1544;1547;1848;2344;2493;2655;2660,NA,1.02,NA,NA,267475,19.55,10.59,15.07,109.46,102.98,106.22,2,130.59,5,0.13,173.51,235.98,1189.22,1468.29,NA,30,15.5,NA,NA,5,6.46582321240662,7.45992842870135,6.2,Pygathrix,Old World Monkeys,2572.66,480.71,465.21,7423,72470.34,73597,73874.25,1368.95,1596.59,1622.02,1384.45,1428.93,1805.18,1063.06,1732.52,1.79218297965977,0.278402521841575,1.84903981179603,1.87715918939054,1.38216008825393,1,1.57931482053377,1.73548262070974,1.21792786760448,2,1.24368376190164,1.24055804175546,1.14147855789866,1.93688585418556,1.12188483389825,1.80705797031261,1.7379207053379,1.34273128200245,1,1.23328161321465,1.3436984587827,1.42502323499349
Galago_senegalensis,23.14,99.58,5.96,52.43,13.48,50.72,186,260.78,15.47,245.31,254,107,nocturnal,Galago senegalensis,4.8,4630,260,2,Primates,Galagonidae,Galago,senegalensis,Galago senegalensis,1,216,NA,160,NA,511,167.6,223.25,3,NA,127.15,NA,0.08,0.08,219,1.52,2,204,11.5,NA,7.94253081287617,NA,287.86,3.5,NA,NA,2,96.46,122,NA,208;223;543;730;1167;1297;1544;1547;1611;1822;1848;2344;2489;2493;2655;2660;2986,NA,NA,NA,NA,8867497,17.84,-13.94,1.95,46.5,-17.53,14.48,0,42.66,1,0.12,80.08,249.92,836.61,1594.8,NA,NA,2.75,NA,NA,NA,3.01734931498316,4.09109702195596,34.375,Galago,Strepsirrhines,352.31,64.2,58.39,181.2,4384.69,4523,4614.53,181.11,194.59,231.83,186.92,192.88,239.35,145.73,222.17,1.80458519678379,0.298983225256106,1.89511084716158,1.9101750858841,1.32599131775672,1.27135855902927,1,1.60525852948949,1.56880054898445,1.36841207861903,1.09282526194301,1.12746956106548,1.11213982059082,1.85776308864912,1.68428793235581,1.87053348888513,1.7761159819175,1.22019912301442,1.45127168690101,1.49385983069663,1.56838531646091,2
Galagoides_demidoff,13.4,53.7,3.08,28.64,7,24.66,81,152.24,21.76,130.48,169,59.9,nocturnal,Galago demidovii,3.38,3260,150,2,Primates,Galagonidae,Galagoides,demidoff,Galagoides demidoff,1,67.1,NA,120,NA,359.52,63.2,63.8,4,NA,110.99,NA,0.01,0.0096,365,1.5,1.5,168,9.9,NA,7.42411961592301,NA,305.87,1,NA,NA,2,43.47,NA,NA,208;223;543;730;732;1297;1544;1547;1768;1822;1848;2344;2489;2493;2655;2660;2986,NA,NA,NA,NA,5029007,9.93,-12.14,-1.1,39.86,-13.5,13.17,0,41.04,1,0.13,136.05,241.39,1253.98,1539.76,NA,NA,2,0.65,0.0065,NA,2.3822842325883,1.63424769395975,307.692307692308,Galagoides,Strepsirrhines,190.38,31.66,31.72,77.62,3129.52,3200.1,3238.24,98.82,105.82,123.48,98.76,101.84,127.4,76.78,117.08,1.3357995925127,-0.478937157045695,1.67695363972548,1.73876135064074,1.44649957572244,1.37369251153119,1.56859927988722,1.41245334057308,1.31237795488655,1.40749881269959,1.12573260458121,1.19234846991453,1.0706553865642,1.93347310239351,1.80692753755297,1.85305091552527,1.86016938028059,1.24891907651273,1.58078500938002,1.78585933620318,1.52668469489749,1.73542391048976
Otolemur_crassicaudatus,42.22,164.58,9.6,78.22,28.14,64.69,850,460.88,73.43,387.45,540,181,nocturnal,Galago crassicaudatus,10.3,9940,460,2,Primates,Galagonidae,Otolemur,crassicaudatus,Otolemur crassicaudatus,1,1250,NA,307,NA,799.35,457.15,977,5,NA,131.04,NA,0.06,0.06,365,1.42,NA,225.6,46.7,NA,7.91732772774107,NA,512.93,3.5,NA,NA,2,130.27,500,NA,208;223;543;730;732;868;1297;1544;1547;1822;1848;2344;2493;2655;2660;2986,NA,1.11,NA,NA,4857986,1.05,-30.48,-14.71,40.84,12.18,26.51,0,31.23,2,0.18,87.85,218.93,916.18,1470.84,NA,26,NA,NA,NA,49,3.49827821145109,3.80953195944081,58.3333333333333,Otolemur,Strepsirrhines,568.45,92.83,87.82,839.7,9552.55,9759,9866.57,294.62,322.76,359.31,299.63,309.23,377.85,222.87,345.23,1.60772539315482,-0.0276933029982591,1.65461132101589,1.7062408754613,1.16899887580042,1.30698797289524,1.54472737791002,1.46565885312909,1.28422687333731,1.60376230299707,1,1,1.140925445859,2,1.89373474528804,2,2,1,1.51665592739589,1.93483922275821,1.61598848705868,1.59950771610189
Tarsius_bancanus,10.76,51.39,7.03,32.09,5.87,22.74,125,152.66,22.78,129.88,207,69,nocturnal,Tarsius sp.,3.6,3470,150,2,Primates,Tarsiidae,Tarsius,bancanus,Tarsius bancanus,1,114,NA,106.59,NA,919.8,NA,NA,3,NA,125.88,1,0.01,0.01,240.29,1,NA,144,24,NA,7.49891489611516,NA,638.1,1,NA,2,2,78.04,NA,NA,223;511;543;1297;1544;1547;1767;1768;1848;2137;2151;2344;2493;2655;2973;2986,NA,1.38,NA,NA,848020,7.03,-5.9,0.56,119.26,102.6,110.93,1,39.48,4,0.17,256.39,246.61,1702.76,1734.7,930.71,34.55,2,3.30909090909091,0.0330909090909091,26.5,2.3822842325883,3.22709935882621,60.4395604395604,Tarsius,Tarsiiformes,198.88,28.61,39.12,121.4,3340.12,3401,3447.22,101.27,107.14,124.01,90.76,97.79,122.85,78.49,119.12,1.70187824876685,0.128547470534884,1.49681366684933,1.5690961318068,1.32513288026575,1.52573431953665,1.56615396733824,1.22812124318147,1.18369705019956,1.23807223086631,1.59093509490544,1.45474145321245,1.91841513144127,1.79600567929737,1.4984257981551,1.45558737919031,1.54530767378546,1.4790143688331,1.69869118889083,1.72547754471478,1.41523514356809,1.17928714260167
